{
    "3JUdIUVxv2zfJevAidsmQq": 20060,
    "3RJvdtay16xQ_ZgYEsHIy8": 45060,
    "3X414Lh312cfMiVfxwG70Z": 12030,
    "3X414Lh312cfMiVfxwHuWT": 20031,
    "3X414Lh312cfMiVfxwHuWd": 13431,
    "3X414Lh312cfMiVfxwHuGz": 10118,
    "3X414Lh312cfMiVfxwHu4R": 2522,
    "3X414Lh312cfMiVfxwHu0R": 2878,
    "0HIKLxwkUNcnROQims_5Tr": 2159,
    "1CF8dT82jQMdRWHzSzoh8t": 2159,
    "3X414Lh312cfMiVfxwH_bi": 1149,
    "3X414Lh312cfMiVfxwHu1D": 4323,
    "3X414Lh312cfMiVfxwHu2$": 1728,
    "3X414Lh312cfMiVfxwG2yz": 698,
    "18rQOBs86vdKwAL24AiR0p": 1443,
    "2FU7NM7Vr3IBm9jCPWRFOf": 771,
    "0z5x4pFABubaY5uElUM8wU": 1392,
    "3X414Lh312cfMiVfxwG6mB": 3430,
    "3X414Lh312cfMiVfxwHuSf": 2123,
    "1Utb1wR7$FoUgVB5uzF5kz": 1011,
    "0ZydjbAXXE$ftDxw6ws3GB": 637,
    "0ZydjbAXXE$ftDxw6ws3G5": 1485,
    "0ZydjbAXXE$ftDxw6ws3GA": 458,
    "2FU7NM7Vr3IBm9jCPWRF7T": 458,
    "3X414Lh312cfMiVfxwHuTK": 4586,
    "3X414Lh312cfMiVfxwGS94": 501,
    "2Q2eU2TdLOO63FLXtFcYGe": 856,
    "0_mn7CW$ahlhnkUKYh4eBt": 856,
    "3X414Lh312cfMiVfxwGSAC": 6198,
    "3X414Lh312cfMiVfxwHudv": 19798,
    "0ZydjbAXXE$ftDxw6ws3O7": 2189,
    "0ZydjbAXXE$ftDxw6ws3O3": 1349,
    "0B7b8cb5Hdt0pPKkKnmA40": 2015,
    "3mNy1A9VihwKuspfSaSmSs": 2012,
    "3X414Lh312cfMiVfxwG4Gb": 426,
    "26R4GGj8v8EAchpBZVtRyu": 437,
    "2FU7NM7Vr3IBm9jCPWRFNO": 729,
    "3Lu$xo6H6tCcItc73_vOJI": 1434,
    "26R4GGj8v8EAchpBZVtR1R": 639,
    "0G8iBTkv2qAR6U7dZi_e58": 1161,
    "0ZydjbAXXE$ftDxw6ws3Jp": 196,
    "0ZydjbAXXE$ftDxw6ws3Jo": 25,
    "0ZydjbAXXE$ftDxw6ws3JC": 115,
    "0ZydjbAXXE$ftDxw6ws3JE": 206,
    "0ZydjbAXXE$ftDxw6ws3JD": 224,
    "0ZydjbAXXE$ftDxw6ws3J8": 452,
    "0ZydjbAXXE$ftDxw6ws3JA": 564,
    "0ZydjbAXXE$ftDxw6ws3IX": 123,
    "0ZydjbAXXE$ftDxw6ws3IZ": 208,
    "0ZydjbAXXE$ftDxw6ws3IW": 141,
    "0ZydjbAXXE$ftDxw6ws3IY": 246,
    "0ZydjbAXXE$ftDxw6ws3Iz": 308,
    "0ZydjbAXXE$ftDxw6ws3I$": 562,
    "3RJvdtay16xQ_ZgYEsHJZi": 42792,
    "2jDf5z0IUNguvW$4sahgUd": 4223,
    "3X414Lh312cfMiVfxwHwX6": 10778,
    "3X414Lh312cfMiVfxwHwYT": 3296,
    "3X414Lh312cfMiVfxwHwWV": 11184,
    "3X414Lh312cfMiVfxwHwRQ": 7709,
    "3X414Lh312cfMiVfxwHwEM": 3710,
    "1L0XOZF$2plsA2zn5ILXUL": 792,
    "3X414Lh312cfMiVfxwHwSK": 3742,
    "3X414Lh312cfMiVfxwG26R": 472,
    "0opCWrxCMmcobjG25cOcXv": 1030,
    "3X414Lh312cfMiVfxwHw8i": 2163,
    "3RJvdtay16xQ_ZgYEsHJx9": 541,
    "32XkwB6b3a7M3HKF7KiSsd": 792,
    "3X414Lh312cfMiVfxwHwyc": 2511,
    "3X414Lh312cfMiVfxwHwZ6": 2316,
    "3X414Lh312cfMiVfxwHwRe": 5817,
    "3X414Lh312cfMiVfxwG24h": 940,
    "3ne0YqQa5LdAUphTsV9sXE": 845,
    "3X414Lh312cfMiVfxwHwyM": 5170,
    "3X414Lh312cfMiVfxwHwz4": 2383,
    "3X414Lh312cfMiVfxwG2cc": 2632,
    "0qtGb9Kc18y9dIpeJBPOFo": 6395,
    "2FU7NM7Vr3IBm9jCPWRFEp": 1695,
    "2FU7NM7Vr3IBm9jCPWRFTY": 381,
    "0YeXrLmqTN3pD7T2HA8u2G": 1084,
    "3X414Lh312cfMiVfxwGTdz": 890,
    "1hos7jB2fYw0nN4nmCKZQa": 854,
    "3X414Lh312cfMiVfxwHwcw": 5171,
    "3X414Lh312cfMiVfxwGSFv": 3586,
    "3X414Lh312cfMiVfxwHw$b": 4822,
    "3X414Lh312cfMiVfxwG2hK": 941,
    "3X414Lh312cfMiVfxwG2BB": 769,
    "0V8jkUg_b1hPaRUuZTQPCU": 1087,
    "1dhO9WqzI1fwzc$lt8RCqo": 878,
    "0w1adDCDe3M0PC5U7uY6$z": 878,
    "3RJvdtay16xQ_ZgYEsHJUV": 1123,
    "3X414Lh312cfMiVfxwG6ps": 712,
    "3tq0o0OgNeGxHXpa7EgvWz": 1672,
    "3X414Lh312cfMiVfxwHwGb": 2685,
    "3X414Lh312cfMiVfxwHwbE": 1798,
    "3X414Lh312cfMiVfxwHwaF": 940,
    "0qtGb9Kc18y9dIpeJBPOIG": 4041,
    "3X414Lh312cfMiVfxwHwhO": 3627,
    "26R4GGj8v8EAchpBZVtQ0j": 492,
    "3oWQrLSSI9iEspkhakd8rB": 896,
    "26R4GGj8v8EAchpBZVtQ$n": 466,
    "182Cya4zeR7TpV2MKOKJ6Q": 860,
    "3X414Lh312cfMiVfxwG7jY": 825,
    "19pWAbbwC9dlak5sGkQjBU": 1554,
    "26R4GGj8v8EAchpBZVtQux": 420,
    "1oEHNbBOZesyu2CZcTXKBs": 840,
    "26R4GGj8v8EAchpBZVtQxu": 811,
    "0kBdLEOuMCL2qgqCnVeJJG": 1517,
    "26R4GGj8v8EAchpBZVtQ1E": 483,
    "0trUMme53xc8Nm93uDqac$": 877,
    "0x4rFHqafG3ipv7wIa9N2A": 880,
    "26R4GGj8v8EAchpBZVtQ_e": 454,
    "2N8jgTJrdjJ9yDXFVKSkgJ": 880,
    "2FU7NM7Vr3IBm9jCPWRFUY": 610,
    "2qZ0qcXgPzJcfkU4ns78DQ": 1164,
    "0yVZh7ffDDhgY0RVdNPvqd": 1171,
    "3RSOtwXKrA0eIR34pdDEv_": 27033
}