{
    "3JUdIUVxv2zfJevAidsmQq": 1,
    "3RJvdtay16xQ_ZgYEsHIy8": 2,
    "3X414Lh312cfMiVfxwG70Z": 3,
    "3X414Lh312cfMiVfxwHuWT": 4,
    "3X414Lh312cfMiVfxwHuWd": 5,
    "3X414Lh312cfMiVfxwHuGz": 6,
    "3X414Lh312cfMiVfxwHu4R": 7,
    "0HIKLxwkUNcnROQims_5Tr": 8,
    "1CF8dT82jQMdRWHzSzoh8t": 9,
    "3X414Lh312cfMiVfxwHu0R": 10,
    "3X414Lh312cfMiVfxwH_bi": 11,
    "3X414Lh312cfMiVfxwHu1D": 12,
    "3X414Lh312cfMiVfxwHu2$": 13,
    "3X414Lh312cfMiVfxwG2yz": 14,
    "18rQOBs86vdKwAL24AiR0p": 15,
    "2FU7NM7Vr3IBm9jCPWRFOf": 16,
    "0z5x4pFABubaY5uElUM8wU": 17,
    "3X414Lh312cfMiVfxwG6mB": 18,
    "3X414Lh312cfMiVfxwHuSf": 19,
    "1Utb1wR7$FoUgVB5uzF5kz": 20,
    "0ZydjbAXXE$ftDxw6ws3GB": 21,
    "0ZydjbAXXE$ftDxw6ws3GA": 22,
    "0ZydjbAXXE$ftDxw6ws3G5": 23,
    "2FU7NM7Vr3IBm9jCPWRF7T": 24,
    "3X414Lh312cfMiVfxwGS94": 25,
    "3X414Lh312cfMiVfxwHuTK": 26,
    "2Q2eU2TdLOO63FLXtFcYGe": 27,
    "0_mn7CW$ahlhnkUKYh4eBt": 28,
    "3X414Lh312cfMiVfxwGSAC": 29,
    "3X414Lh312cfMiVfxwHudv": 30,
    "0ZydjbAXXE$ftDxw6ws3O3": 31,
    "0ZydjbAXXE$ftDxw6ws3O7": 32,
    "3X414Lh312cfMiVfxwG4Gb": 33,
    "0B7b8cb5Hdt0pPKkKnmA40": 34,
    "3mNy1A9VihwKuspfSaSmSs": 35,
    "26R4GGj8v8EAchpBZVtRyu": 36,
    "2FU7NM7Vr3IBm9jCPWRFNO": 37,
    "3Lu$xo6H6tCcItc73_vOJI": 38,
    "26R4GGj8v8EAchpBZVtR1R": 39,
    "0G8iBTkv2qAR6U7dZi_e58": 40,
    "0ZydjbAXXE$ftDxw6ws3Jp": 41,
    "0ZydjbAXXE$ftDxw6ws3Jo": 42,
    "0ZydjbAXXE$ftDxw6ws3JC": 43,
    "0ZydjbAXXE$ftDxw6ws3JE": 44,
    "0ZydjbAXXE$ftDxw6ws3JD": 45,
    "0ZydjbAXXE$ftDxw6ws3J8": 46,
    "0ZydjbAXXE$ftDxw6ws3JA": 47,
    "0ZydjbAXXE$ftDxw6ws3IX": 48,
    "0ZydjbAXXE$ftDxw6ws3IW": 49,
    "0ZydjbAXXE$ftDxw6ws3IY": 50,
    "0ZydjbAXXE$ftDxw6ws3IZ": 51,
    "0ZydjbAXXE$ftDxw6ws3Iz": 52,
    "0ZydjbAXXE$ftDxw6ws3I$": 53,
    "3RJvdtay16xQ_ZgYEsHJZi": 54,
    "2jDf5z0IUNguvW$4sahgUd": 55
}