{
    "3JUdIUVxv2zfJevAidsmQq": 9993,
    "3RJvdtay16xQ_ZgYEsHIy8": 22416,
    "3X414Lh312cfMiVfxwG70Z": 5857,
    "3X414Lh312cfMiVfxwHuWT": 9873,
    "3X414Lh312cfMiVfxwHuWd": 6623,
    "3X414Lh312cfMiVfxwHuGz": 5302,
    "3X414Lh312cfMiVfxwHu4R": 1435,
    "0HIKLxwkUNcnROQims_5Tr": 1159,
    "1CF8dT82jQMdRWHzSzoh8t": 1159,
    "3X414Lh312cfMiVfxwHu0R": 1446,
    "3X414Lh312cfMiVfxwH_bi": 748,
    "3X414Lh312cfMiVfxwHu1D": 2157,
    "3X414Lh312cfMiVfxwHu2$": 802,
    "3X414Lh312cfMiVfxwG2yz": 339,
    "18rQOBs86vdKwAL24AiR0p": 698,
    "2FU7NM7Vr3IBm9jCPWRFOf": 339,
    "0z5x4pFABubaY5uElUM8wU": 698,
    "3X414Lh312cfMiVfxwG6mB": 1683,
    "3X414Lh312cfMiVfxwHuSf": 1134,
    "1Utb1wR7$FoUgVB5uzF5kz": 500,
    "0ZydjbAXXE$ftDxw6ws3GB": 189,
    "0ZydjbAXXE$ftDxw6ws3GA": 358,
    "0ZydjbAXXE$ftDxw6ws3G5": 847,
    "2FU7NM7Vr3IBm9jCPWRF7T": 255,
    "3X414Lh312cfMiVfxwGS94": 230,
    "3X414Lh312cfMiVfxwHuTK": 2301,
    "2Q2eU2TdLOO63FLXtFcYGe": 390,
    "0_mn7CW$ahlhnkUKYh4eBt": 390,
    "3X414Lh312cfMiVfxwGSAC": 3010,
    "3X414Lh312cfMiVfxwHudv": 9743,
    "0ZydjbAXXE$ftDxw6ws3O3": 474,
    "0ZydjbAXXE$ftDxw6ws3O7": 791,
    "3X414Lh312cfMiVfxwG4Gb": 172,
    "0B7b8cb5Hdt0pPKkKnmA40": 1014,
    "3mNy1A9VihwKuspfSaSmSs": 1003,
    "26R4GGj8v8EAchpBZVtRyu": 176,
    "2FU7NM7Vr3IBm9jCPWRFNO": 286,
    "3Lu$xo6H6tCcItc73_vOJI": 747,
    "26R4GGj8v8EAchpBZVtR1R": 250,
    "0G8iBTkv2qAR6U7dZi_e58": 610,
    "0ZydjbAXXE$ftDxw6ws3Jp": 62,
    "0ZydjbAXXE$ftDxw6ws3Jo": 12,
    "0ZydjbAXXE$ftDxw6ws3JC": 86,
    "0ZydjbAXXE$ftDxw6ws3JE": 162,
    "0ZydjbAXXE$ftDxw6ws3JD": 68,
    "0ZydjbAXXE$ftDxw6ws3J8": 132,
    "0ZydjbAXXE$ftDxw6ws3JA": 301,
    "0ZydjbAXXE$ftDxw6ws3IX": 82,
    "0ZydjbAXXE$ftDxw6ws3IW": 98,
    "0ZydjbAXXE$ftDxw6ws3IY": 60,
    "0ZydjbAXXE$ftDxw6ws3IZ": 135,
    "0ZydjbAXXE$ftDxw6ws3Iz": 242,
    "0ZydjbAXXE$ftDxw6ws3I$": 209,
    "3RJvdtay16xQ_ZgYEsHJZi": 10404,
    "2jDf5z0IUNguvW$4sahgUd": 1001
}